Title,URL handle,Description,Vendor,Product category,Type,Tags,Published on online store,Status,SKU,Barcode,Option1 name,Option1 value,Option1 Linked To,Option2 name,Option2 value,Option2 Linked To,Option3 name,Option3 value,Option3 Linked To,Price,Compare-at price,Cost per item,Charge tax,Tax code,Unit price total measure,Unit price total measure unit,Unit price base measure,Unit price base measure unit,Inventory tracker,Inventory quantity,Continue selling when out of stock,Weight value (grams),Weight unit for display,Requires shipping,Fulfillment service,Product image URL,Image position,Image alt text,Variant image URL,Gift card,SEO title,SEO description,Color (product.metafields.shopify.color-pattern),Google Shopping / Google product category,Google Shopping / Gender,Google Shopping / Age group,Google Shopping / Manufacturer part number (MPN),Google Shopping / Ad group name,Google Shopping / Ads labels,Google Shopping / Condition,Google Shopping / Custom product,Google Shopping / Custom label 0,Google Shopping / Custom label 1,Google Shopping / Custom label 2,Google Shopping / Custom label 3,Google Shopping / Custom label 4
Sunshine Chanderi Lehenga,sunshine-chanderi-lehenga,<p>Bring radiant sunshine to festive occasions with this lightweight Chanderi cotton lehenga. Detailed with delicate tone-on-tone floral embroidery and finished with a comfortable elasticated waistband. Fully lined with 100% soft skin-safe muslin cotton for zero-itch twirling all day long.</p><ul><li>Fabric: Pure Chanderi Cotton</li><li>Lining: 100% Breathable Muslin Cotton</li><li>Set Includes: Crop Top &amp; Flared Ankle-Length Skirt</li><li>Care: Dry Clean Only</li></ul>,Meeeku,Apparel & Accessories > Clothing > Cultural & Traditional Clothing,Indian Ethnic Lehengas,"Ethnic, Lehenga, Yellow, Chanderi Cotton, Festive, 2-3Y, 4-5Y, 6-7Y",TRUE,Active,MEEK-YEL-23,,Size,2-3Y,,,,,,,,3199.00,3899.00,1800.00,TRUE,,,,,,shopify,25,DENY,350,g,TRUE,manual,https://raw.githubusercontent.com/aaybwork-studio/meeeku/main/assets/meeeku_prod_yellow_lehenga.jpg,1,Sunshine Chanderi Lehenga - Flatlay,https://raw.githubusercontent.com/aaybwork-studio/meeeku/main/assets/meeeku_prod_yellow_lehenga.jpg,FALSE,Sunshine Chanderi Lehenga - Meeeku,Shop Sunshine Chanderi Lehenga for girls 2-7Y at Meeeku.,,Apparel & Accessories > Clothing > Cultural & Traditional Clothing,Unisex,Kids,,,,New,FALSE,,,,,
,sunshine-chanderi-lehenga,,,,,,,,MEEK-YEL-45,,,4-5Y,,,,,,,,3199.00,3899.00,1800.00,TRUE,,,,,,shopify,25,DENY,380,g,TRUE,manual,https://raw.githubusercontent.com/aaybwork-studio/meeeku/main/assets/meeeku_prod_yellow_lehenga_model.jpg,2,Sunshine Chanderi Lehenga - Model View,https://raw.githubusercontent.com/aaybwork-studio/meeeku/main/assets/meeeku_prod_yellow_lehenga_model.jpg,,,,,,,,,,,,,,,,,
,sunshine-chanderi-lehenga,,,,,,,,MEEK-YEL-67,,,6-7Y,,,,,,,,3199.00,3899.00,1800.00,TRUE,,,,,,shopify,25,DENY,400,g,TRUE,manual,https://raw.githubusercontent.com/aaybwork-studio/meeeku/main/assets/meeeku_prod_yellow_lehenga_swirl.jpg,3,Sunshine Chanderi Lehenga - Fabric Detail,https://raw.githubusercontent.com/aaybwork-studio/meeeku/main/assets/meeeku_prod_yellow_lehenga_swirl.jpg,,,,,,,,,,,,,,,,,
Teal Bloom Dress,teal-bloom-sequin-dress,"<p>Crafted for magical celebrations, this teal dress features hand-embroidered gold floral sequin motifs paired with a light, layered tulle net skirt. Fully lined with 100% soft breathable cotton to ensure zero-itch comfort all day long.</p><ul><li>Fabric: Tulle Net &amp; Silk Blend with Gold Sequins</li><li>Lining: 100% Pure Soft Cotton</li><li>Includes: Dress + Matching Headband &amp; Bows</li><li>Care: Gentle Handwash / Dry Clean</li></ul>",Meeeku,Apparel & Accessories > Clothing > Dresses,Indo-Western Dresses,"Dresses, Indo-Western, Teal, Tulle Net, Sequins, Festive, 2-3Y, 4-5Y, 6-7Y",TRUE,Active,MEEK-TEAL-23,,Size,2-3Y,,,,,,,,2999.00,3699.00,1400.00,TRUE,,,,,,shopify,25,DENY,350,g,TRUE,manual,https://raw.githubusercontent.com/aaybwork-studio/meeeku/main/assets/meeeku_prod_teal_dress.jpg,1,Teal Bloom Dress - Flatlay,https://raw.githubusercontent.com/aaybwork-studio/meeeku/main/assets/meeeku_prod_teal_dress.jpg,FALSE,Teal Bloom Dress - Meeeku,Shop Teal Bloom Dress for girls 2-7Y at Meeeku.,,Apparel & Accessories > Clothing > Dresses,Unisex,Kids,,,,New,FALSE,,,,,
,teal-bloom-sequin-dress,,,,,,,,MEEK-TEAL-45,,,4-5Y,,,,,,,,2999.00,3699.00,1400.00,TRUE,,,,,,shopify,25,DENY,380,g,TRUE,manual,https://raw.githubusercontent.com/aaybwork-studio/meeeku/main/assets/meeeku_prod_teal_dress_model.jpg,2,Teal Bloom Dress - Model View,https://raw.githubusercontent.com/aaybwork-studio/meeeku/main/assets/meeeku_prod_teal_dress_model.jpg,,,,,,,,,,,,,,,,,
,teal-bloom-sequin-dress,,,,,,,,MEEK-TEAL-67,,,6-7Y,,,,,,,,2999.00,3699.00,1400.00,TRUE,,,,,,shopify,25,DENY,400,g,TRUE,manual,https://raw.githubusercontent.com/aaybwork-studio/meeeku/main/assets/meeeku_prod_teal_dress_swirl.jpg,3,Teal Bloom Dress - Fabric Detail,https://raw.githubusercontent.com/aaybwork-studio/meeeku/main/assets/meeeku_prod_teal_dress_swirl.jpg,,,,,,,,,,,,,,,,,
Blush Rose Net Lehenga,blush-rose-net-lehenga,"<p>A dream in pink, this ensemble pairs a high-neck jacquard top with a cloud-like tiered net lehenga skirt. Features scalloped gold lace trimming and skin-safe cotton inner lining.</p><ul><li>Fabric: Woven Jacquard Top &amp; Tiered Soft Net Skirt</li><li>Lining: 100% Breathable Cotton</li><li>Detail: Scalloped Gold Lace Border</li><li>Care: Dry Clean Only</li></ul>",Meeeku,Apparel & Accessories > Clothing > Cultural & Traditional Clothing,Indian Ethnic Lehengas,"Ethnic, Lehenga, Pink, Jacquard, Tulle Net, Gold Lace, 2-3Y, 4-5Y, 6-7Y",TRUE,Active,MEEK-PINK-23,,Size,2-3Y,,,,,,,,3299.00,3999.00,1900.00,TRUE,,,,,,shopify,25,DENY,350,g,TRUE,manual,https://raw.githubusercontent.com/aaybwork-studio/meeeku/main/assets/meeeku_prod_pink_net_lehenga.jpg,1,Blush Rose Net Lehenga - Flatlay,https://raw.githubusercontent.com/aaybwork-studio/meeeku/main/assets/meeeku_prod_pink_net_lehenga.jpg,FALSE,Blush Rose Net Lehenga - Meeeku,Shop Blush Rose Net Lehenga at Meeeku.,,Apparel & Accessories > Clothing > Cultural & Traditional Clothing,Unisex,Kids,,,,New,FALSE,,,,,
,blush-rose-net-lehenga,,,,,,,,MEEK-PINK-45,,,4-5Y,,,,,,,,3299.00,3999.00,1900.00,TRUE,,,,,,shopify,25,DENY,380,g,TRUE,manual,https://raw.githubusercontent.com/aaybwork-studio/meeeku/main/assets/meeeku_prod_pink_net_lehenga_model.jpg,2,Blush Rose Net Lehenga - Model View,https://raw.githubusercontent.com/aaybwork-studio/meeeku/main/assets/meeeku_prod_pink_net_lehenga_model.jpg,,,,,,,,,,,,,,,,,
,blush-rose-net-lehenga,,,,,,,,MEEK-PINK-67,,,6-7Y,,,,,,,,3299.00,3999.00,1900.00,TRUE,,,,,,shopify,25,DENY,400,g,TRUE,manual,https://raw.githubusercontent.com/aaybwork-studio/meeeku/main/assets/meeeku_prod_pink_net_lehenga_swirl.jpg,3,Blush Rose Net Lehenga - Fabric Detail,https://raw.githubusercontent.com/aaybwork-studio/meeeku/main/assets/meeeku_prod_pink_net_lehenga_swirl.jpg,,,,,,,,,,,,,,,,,
Forest Vrindavan Lehenga,forest-vrindavan-green-lehenga,"<p>Inspired by nature, this deep emerald green lehenga is adorned with crisp white floral embroidery and dainty silver gota patti accents. Made from breathable 100% organic cotton for effortless play.</p><ul><li>Fabric: 100% Pure Organic Cotton</li><li>Embroidery: White Threadwork &amp; Silver Gota Patti</li><li>Set Includes: Strappy Top &amp; Voluminous Skirt</li><li>Care: Gentle Hand Wash</li></ul>",Meeeku,Apparel & Accessories > Clothing > Cultural & Traditional Clothing,Indian Ethnic Lehengas,"Ethnic, Lehenga, Green, Organic Cotton, Floral Embroidery, Gota Patti, 2-3Y, 4-5Y, 6-7Y",TRUE,Active,MEEK-GRN-23,,Size,2-3Y,,,,,,,,3199.00,3899.00,1600.00,TRUE,,,,,,shopify,25,DENY,350,g,TRUE,manual,https://raw.githubusercontent.com/aaybwork-studio/meeeku/main/assets/meeeku_prod_green_lehenga.jpg,1,Forest Vrindavan Lehenga - Flatlay,https://raw.githubusercontent.com/aaybwork-studio/meeeku/main/assets/meeeku_prod_green_lehenga.jpg,FALSE,Forest Vrindavan Lehenga - Meeeku,Shop Forest Vrindavan Lehenga at Meeeku.,,Apparel & Accessories > Clothing > Cultural & Traditional Clothing,Unisex,Kids,,,,New,FALSE,,,,,
,forest-vrindavan-green-lehenga,,,,,,,,MEEK-GRN-45,,,4-5Y,,,,,,,,3199.00,3899.00,1600.00,TRUE,,,,,,shopify,25,DENY,380,g,TRUE,manual,https://raw.githubusercontent.com/aaybwork-studio/meeeku/main/assets/meeeku_prod_green_lehenga_model.jpg,2,Forest Vrindavan Lehenga - Model View,https://raw.githubusercontent.com/aaybwork-studio/meeeku/main/assets/meeeku_prod_green_lehenga_model.jpg,,,,,,,,,,,,,,,,,
,forest-vrindavan-green-lehenga,,,,,,,,MEEK-GRN-67,,,6-7Y,,,,,,,,3199.00,3899.00,1600.00,TRUE,,,,,,shopify,25,DENY,400,g,TRUE,manual,https://raw.githubusercontent.com/aaybwork-studio/meeeku/main/assets/meeeku_prod_green_lehenga_swirl.jpg,3,Forest Vrindavan Lehenga - Fabric Detail,https://raw.githubusercontent.com/aaybwork-studio/meeeku/main/assets/meeeku_prod_green_lehenga_swirl.jpg,,,,,,,,,,,,,,,,,
Gulmohar Splash Co-ord,gulmohar-splash-abstract-coord,"<p>Bright, bold, and delightfully artistic. This vibrant abstract printed co-ord set brings festive joy with rich hues of magenta, marigold yellow, and ocean blue.</p><ul><li>Fabric: Premium Soft Cotton Rayon Blend</li><li>Set Includes: V-Neck Crop Top &amp; Flared Mid-Calf Skirt</li><li>Care: Machine Washable Gentle Cycle</li></ul>",Meeeku,Apparel & Accessories > Clothing > Outfit Sets,Festive Co-ords,"Co-ords, Abstract Print, Multicolor, Magenta, Yellow, Cotton Blend, 2-3Y, 4-5Y, 6-7Y",TRUE,Active,MEEK-MULTI-23,,Size,2-3Y,,,,,,,,2899.00,3599.00,1300.00,TRUE,,,,,,shopify,25,DENY,350,g,TRUE,manual,https://raw.githubusercontent.com/aaybwork-studio/meeeku/main/assets/meeeku_prod_multicolor_coord.jpg,1,Gulmohar Splash Co-ord - Flatlay,https://raw.githubusercontent.com/aaybwork-studio/meeeku/main/assets/meeeku_prod_multicolor_coord.jpg,FALSE,Gulmohar Splash Co-ord - Meeeku,Shop Gulmohar Splash Co-ord at Meeeku.,,Apparel & Accessories > Clothing > Outfit Sets,Unisex,Kids,,,,New,FALSE,,,,,
,gulmohar-splash-abstract-coord,,,,,,,,MEEK-MULTI-45,,,4-5Y,,,,,,,,2899.00,3599.00,1300.00,TRUE,,,,,,shopify,25,DENY,380,g,TRUE,manual,https://raw.githubusercontent.com/aaybwork-studio/meeeku/main/assets/meeeku_prod_multicolor_coord_model.jpg,2,Gulmohar Splash Co-ord - Model View,https://raw.githubusercontent.com/aaybwork-studio/meeeku/main/assets/meeeku_prod_multicolor_coord_model.jpg,,,,,,,,,,,,,,,,,
,gulmohar-splash-abstract-coord,,,,,,,,MEEK-MULTI-67,,,6-7Y,,,,,,,,2899.00,3599.00,1300.00,TRUE,,,,,,shopify,25,DENY,400,g,TRUE,manual,https://raw.githubusercontent.com/aaybwork-studio/meeeku/main/assets/meeeku_prod_multicolor_coord_swirl.jpg,3,Gulmohar Splash Co-ord - Fabric Detail,https://raw.githubusercontent.com/aaybwork-studio/meeeku/main/assets/meeeku_prod_multicolor_coord_swirl.jpg,,,,,,,,,,,,,,,,,
Sage Mint Gota Lehenga,sage-mint-gota-lehenga,"<p>Elegance meets playfulness in soft sage mint. Decorated with intricate red flower embroidery and silver zigzag gota patti detailing, lined with skin-safe cotton.</p><ul><li>Fabric: Textured Cotton Linen</li><li>Detailing: Silver Zigzag Gota Patti &amp; Red Floral Threadwork</li><li>Care: Dry Clean Only</li></ul>",Meeeku,Apparel & Accessories > Clothing > Cultural & Traditional Clothing,Indian Ethnic Lehengas,"Ethnic, Lehenga, Sage Mint, Gota Patti, Red Floral, Zari, 2-3Y, 4-5Y, 6-7Y",TRUE,Active,MEEK-SAGE-23,,Size,2-3Y,,,,,,,,3199.00,3899.00,1750.00,TRUE,,,,,,shopify,25,DENY,350,g,TRUE,manual,https://raw.githubusercontent.com/aaybwork-studio/meeeku/main/assets/meeeku_prod_sage_lehenga.jpg,1,Sage Mint Gota Lehenga - Flatlay,https://raw.githubusercontent.com/aaybwork-studio/meeeku/main/assets/meeeku_prod_sage_lehenga.jpg,FALSE,Sage Mint Gota Lehenga - Meeeku,Shop Sage Mint Gota Lehenga at Meeeku.,,Apparel & Accessories > Clothing > Cultural & Traditional Clothing,Unisex,Kids,,,,New,FALSE,,,,,
,sage-mint-gota-lehenga,,,,,,,,MEEK-SAGE-45,,,4-5Y,,,,,,,,3199.00,3899.00,1750.00,TRUE,,,,,,shopify,25,DENY,380,g,TRUE,manual,https://raw.githubusercontent.com/aaybwork-studio/meeeku/main/assets/meeeku_prod_sage_lehenga_model.jpg,2,Sage Mint Gota Lehenga - Model View,https://raw.githubusercontent.com/aaybwork-studio/meeeku/main/assets/meeeku_prod_sage_lehenga_model.jpg,,,,,,,,,,,,,,,,,
,sage-mint-gota-lehenga,,,,,,,,MEEK-SAGE-67,,,6-7Y,,,,,,,,3199.00,3899.00,1750.00,TRUE,,,,,,shopify,25,DENY,400,g,TRUE,manual,https://raw.githubusercontent.com/aaybwork-studio/meeeku/main/assets/meeeku_prod_sage_lehenga_swirl.jpg,3,Sage Mint Gota Lehenga - Fabric Detail,https://raw.githubusercontent.com/aaybwork-studio/meeeku/main/assets/meeeku_prod_sage_lehenga_swirl.jpg,,,,,,,,,,,,,,,,,
Rani Pink Phulkari Lehenga,rani-pink-phulkari-lehenga,"<p>Vibrant Rani magenta lehenga featuring multi-colored floral boti embroidery and a scalloped embroidered hem. Ideal for weddings, festive occasions, and family celebrations.</p><ul><li>Fabric: 100% Pure Premium Cotton</li><li>Work: Phulkari Multi-Color Embroidery</li><li>Care: Dry Clean Recommended</li></ul>",Meeeku,Apparel & Accessories > Clothing > Cultural & Traditional Clothing,Indian Ethnic Lehengas,"Ethnic, Lehenga, Rani Pink, Magenta, Phulkari, Threadwork, 2-3Y, 4-5Y, 6-7Y",TRUE,Active,MEEK-RANI-23,,Size,2-3Y,,,,,,,,2799.00,3499.00,1800.00,TRUE,,,,,,shopify,25,DENY,350,g,TRUE,manual,https://raw.githubusercontent.com/aaybwork-studio/meeeku/main/assets/meeeku_prod_magenta_lehenga.jpg,1,Rani Pink Phulkari Lehenga - Flatlay,https://raw.githubusercontent.com/aaybwork-studio/meeeku/main/assets/meeeku_prod_magenta_lehenga.jpg,FALSE,Rani Pink Phulkari Lehenga - Meeeku,Shop Rani Pink Phulkari Lehenga at Meeeku.,,Apparel & Accessories > Clothing > Cultural & Traditional Clothing,Unisex,Kids,,,,New,FALSE,,,,,
,rani-pink-phulkari-lehenga,,,,,,,,MEEK-RANI-45,,,4-5Y,,,,,,,,2799.00,3499.00,1800.00,TRUE,,,,,,shopify,25,DENY,380,g,TRUE,manual,https://raw.githubusercontent.com/aaybwork-studio/meeeku/main/assets/meeeku_prod_magenta_lehenga_model.jpg,2,Rani Pink Phulkari Lehenga - Model View,https://raw.githubusercontent.com/aaybwork-studio/meeeku/main/assets/meeeku_prod_magenta_lehenga_model.jpg,,,,,,,,,,,,,,,,,
,rani-pink-phulkari-lehenga,,,,,,,,MEEK-RANI-67,,,6-7Y,,,,,,,,2799.00,3499.00,1800.00,TRUE,,,,,,shopify,25,DENY,400,g,TRUE,manual,https://raw.githubusercontent.com/aaybwork-studio/meeeku/main/assets/meeeku_prod_magenta_lehenga_swirl.jpg,3,Rani Pink Phulkari Lehenga - Fabric Detail,https://raw.githubusercontent.com/aaybwork-studio/meeeku/main/assets/meeeku_prod_magenta_lehenga_swirl.jpg,,,,,,,,,,,,,,,,,
Midnight Blossom Halter Lehenga,midnight-blossom-halter-lehenga,<p>Striking midnight black paired with rich crimson floral motifs. High-neck halter silhouette designed for modern little princesses who love to twirl.</p><ul><li>Fabric: 100% Breathable Printed Cotton</li><li>Top Silhouette: High-Neck Halter Top</li><li>Care: Gentle Wash / Dry Clean</li></ul>,Meeeku,Apparel & Accessories > Clothing > Cultural & Traditional Clothing,Indian Ethnic Lehengas,"Ethnic, Lehenga, Black, Crimson Red, Halter Neck, Floral Print, 2-3Y, 4-5Y, 6-7Y",TRUE,Active,MEEK-BLK-23,,Size,2-3Y,,,,,,,,2799.00,3499.00,1700.00,TRUE,,,,,,shopify,25,DENY,350,g,TRUE,manual,https://raw.githubusercontent.com/aaybwork-studio/meeeku/main/assets/meeeku_prod_black_lehenga.jpg,1,Midnight Blossom Halter Lehenga - Flatlay,https://raw.githubusercontent.com/aaybwork-studio/meeeku/main/assets/meeeku_prod_black_lehenga.jpg,FALSE,Midnight Blossom Halter Lehenga - Meeeku,Shop Midnight Blossom Halter Lehenga at Meeeku.,,Apparel & Accessories > Clothing > Cultural & Traditional Clothing,Unisex,Kids,,,,New,FALSE,,,,,
,midnight-blossom-halter-lehenga,,,,,,,,MEEK-BLK-45,,,4-5Y,,,,,,,,2799.00,3499.00,1700.00,TRUE,,,,,,shopify,25,DENY,380,g,TRUE,manual,https://raw.githubusercontent.com/aaybwork-studio/meeeku/main/assets/meeeku_prod_black_lehenga_model.jpg,2,Midnight Blossom Halter Lehenga - Model View,https://raw.githubusercontent.com/aaybwork-studio/meeeku/main/assets/meeeku_prod_black_lehenga_model.jpg,,,,,,,,,,,,,,,,,
,midnight-blossom-halter-lehenga,,,,,,,,MEEK-BLK-67,,,6-7Y,,,,,,,,2799.00,3499.00,1700.00,TRUE,,,,,,shopify,25,DENY,400,g,TRUE,manual,https://raw.githubusercontent.com/aaybwork-studio/meeeku/main/assets/meeeku_prod_black_lehenga_swirl.jpg,3,Midnight Blossom Halter Lehenga - Fabric Detail,https://raw.githubusercontent.com/aaybwork-studio/meeeku/main/assets/meeeku_prod_black_lehenga_swirl.jpg,,,,,,,,,,,,,,,,,
Olive Silk One-Shoulder Lehenga,olive-silk-oneshoulder-lehenga,"<p>Exquisite chartreuse olive green silk ensemble. Features an asymmetrical one-shoulder crop top with intricate silver zardozi embroidery vines and a shoulder fabric floral accent, paired with a rich flared satin silk skirt.</p><ul><li>Fabric: Pure Satin Silk & Zardozi Threadwork</li><li>Set Includes: One-Shoulder Crop Top &amp; Flared Ankle-Length Skirt</li><li>Care: Dry Clean Only</li></ul>",Meeeku,Apparel & Accessories > Clothing > Cultural & Traditional Clothing,Indian Ethnic Lehengas,"Ethnic, Lehenga, Olive Green, Chartreuse, Zardozi Silk, One Shoulder, coords, 2-3Y, 4-5Y, 6-7Y",TRUE,Active,MEEK-OLV-23,,Size,2-3Y,,,,,,,,3299.00,3999.00,1800.00,TRUE,,,,,,shopify,25,DENY,350,g,TRUE,manual,https://raw.githubusercontent.com/aaybwork-studio/meeeku/main/assets/meeeku_prod_olive_lehenga.jpg,1,Olive Silk One-Shoulder Lehenga - Flatlay,https://raw.githubusercontent.com/aaybwork-studio/meeeku/main/assets/meeeku_prod_olive_lehenga.jpg,FALSE,Olive Silk One-Shoulder Lehenga - Meeeku,Shop Olive Silk One-Shoulder Lehenga for girls 2-7Y at Meeeku.,,Apparel & Accessories > Clothing > Cultural & Traditional Clothing,Unisex,Kids,,,,New,FALSE,,,,,
,olive-silk-oneshoulder-lehenga,,,,,,,,MEEK-OLV-45,,,4-5Y,,,,,,,,3299.00,3999.00,1800.00,TRUE,,,,,,shopify,25,DENY,380,g,TRUE,manual,https://raw.githubusercontent.com/aaybwork-studio/meeeku/main/assets/meeeku_prod_olive_lehenga_model.jpg,2,Olive Silk One-Shoulder Lehenga - Model View,https://raw.githubusercontent.com/aaybwork-studio/meeeku/main/assets/meeeku_prod_olive_lehenga_model.jpg,,,,,,,,,,,,,,,,,
,olive-silk-oneshoulder-lehenga,,,,,,,,MEEK-OLV-67,,,6-7Y,,,,,,,,3299.00,3999.00,1800.00,TRUE,,,,,,shopify,25,DENY,400,g,TRUE,manual,https://raw.githubusercontent.com/aaybwork-studio/meeeku/main/assets/meeeku_prod_olive_lehenga_swirl.jpg,3,Olive Silk One-Shoulder Lehenga - Fabric Detail,https://raw.githubusercontent.com/aaybwork-studio/meeeku/main/assets/meeeku_prod_olive_lehenga_swirl.jpg,,,,,,,,,,,,,,,,,
Snuggle Bunny Blush Cotton Tee,snuggle-bunny-blush-tee,"<p>An everyday wardrobe essential for your little one. Crafted from ultra-soft, 100% breathable combed cotton with an adorable sleepy bunny graphic, soft ribbed neckline, and zero-itch tagless collar. Gentle on sensitive baby skin for all-day comfort and play.</p><ul><li>Fabric: 100% Pure Combed Cotton</li><li>Fit: Relaxed & Breathable Everyday Fit</li><li>Features: Zero-Itch Neckband & Soft Stretch Hem</li><li>Care: Machine Wash Gentle Cycle</li></ul>",Meeeku,Apparel & Accessories > Clothing > Baby & Toddler Clothing > Baby & Toddler Tops,Basic T-Shirts,"Basic Tee, Everyday Cotton, Blush Pink, Bunny, 0-6M, 6-12M, 12-18M, 18-24M, 2-3Y",TRUE,Active,MEEK-TEE-BUN-0-6M,,Size,0-6M,,,,,,,,599.00,899.00,220.00,TRUE,,,,,,shopify,50,DENY,120,g,TRUE,manual,https://raw.githubusercontent.com/aaybwork-studio/meeeku/main/assets/meeeku_prod_bunny_tee.jpg,1,Snuggle Bunny Blush Cotton Tee - Flatlay,https://raw.githubusercontent.com/aaybwork-studio/meeeku/main/assets/meeeku_prod_bunny_tee.jpg,FALSE,Snuggle Bunny Blush Cotton Tee - Meeeku,"Shop Snuggle Bunny Blush Cotton Tee (0-6M to 2-3Y) at Meeeku. 100% Combed Cotton, zero-itch guarantee.",,Apparel & Accessories > Clothing > Baby & Toddler Clothing > Baby & Toddler Tops,Unisex,Toddler,,,,New,FALSE,,,,,
,snuggle-bunny-blush-tee,,,,,,,,MEEK-TEE-BUN-6-12M,,Size,6-12M,,,,,,,,599.00,899.00,220.00,TRUE,,,,,,shopify,50,DENY,130,g,TRUE,manual,https://raw.githubusercontent.com/aaybwork-studio/meeeku/main/assets/meeeku_prod_bunny_tee.jpg,1,Snuggle Bunny Blush Cotton Tee - Flatlay,https://raw.githubusercontent.com/aaybwork-studio/meeeku/main/assets/meeeku_prod_bunny_tee.jpg,FALSE,,,,,,,,,,,,,,,,
,snuggle-bunny-blush-tee,,,,,,,,MEEK-TEE-BUN-12-18M,,Size,12-18M,,,,,,,,599.00,899.00,220.00,TRUE,,,,,,shopify,50,DENY,140,g,TRUE,manual,https://raw.githubusercontent.com/aaybwork-studio/meeeku/main/assets/meeeku_prod_bunny_tee.jpg,1,Snuggle Bunny Blush Cotton Tee - Flatlay,https://raw.githubusercontent.com/aaybwork-studio/meeeku/main/assets/meeeku_prod_bunny_tee.jpg,FALSE,,,,,,,,,,,,,,,,
,snuggle-bunny-blush-tee,,,,,,,,MEEK-TEE-BUN-18-24M,,Size,18-24M,,,,,,,,599.00,899.00,220.00,TRUE,,,,,,shopify,50,DENY,150,g,TRUE,manual,https://raw.githubusercontent.com/aaybwork-studio/meeeku/main/assets/meeeku_prod_bunny_tee.jpg,1,Snuggle Bunny Blush Cotton Tee - Flatlay,https://raw.githubusercontent.com/aaybwork-studio/meeeku/main/assets/meeeku_prod_bunny_tee.jpg,FALSE,,,,,,,,,,,,,,,,
,snuggle-bunny-blush-tee,,,,,,,,MEEK-TEE-BUN-2-3Y,,Size,2-3Y,,,,,,,,599.00,899.00,220.00,TRUE,,,,,,shopify,50,DENY,160,g,TRUE,manual,https://raw.githubusercontent.com/aaybwork-studio/meeeku/main/assets/meeeku_prod_bunny_tee.jpg,1,Snuggle Bunny Blush Cotton Tee - Flatlay,https://raw.githubusercontent.com/aaybwork-studio/meeeku/main/assets/meeeku_prod_bunny_tee.jpg,FALSE,,,,,,,,,,,,,,,,
Little Leopard Safari Cotton Tee,little-leopard-safari-tee,<p>Sweet safari adventures start here! Designed in a warm ivory cream base with playful yellow leopard prints and soft pink neckline detailing. Made from 100% hypoallergenic cotton that stays breezy and cozy through naptime and playtime.</p><ul><li>Fabric: 100% Hypoallergenic Soft Cotton</li><li>Neckline: Contrast Ribbed Crew Neck</li><li>Features: Non-toxic baby-safe inks & tagless back</li><li>Care: Machine Wash Gentle Cycle</li></ul>,Meeeku,Apparel & Accessories > Clothing > Baby & Toddler Clothing > Baby & Toddler Tops,Basic T-Shirts,"Basic Tee, Everyday Cotton, Cream, Leopard, Safari, 0-6M, 6-12M, 12-18M, 18-24M, 2-3Y",TRUE,Active,MEEK-TEE-LEO-0-6M,,Size,0-6M,,,,,,,,599.00,899.00,220.00,TRUE,,,,,,shopify,50,DENY,120,g,TRUE,manual,https://raw.githubusercontent.com/aaybwork-studio/meeeku/main/assets/meeeku_prod_leopard_tee.jpg,1,Little Leopard Safari Cotton Tee - Flatlay,https://raw.githubusercontent.com/aaybwork-studio/meeeku/main/assets/meeeku_prod_leopard_tee.jpg,FALSE,Little Leopard Safari Cotton Tee - Meeeku,"Shop Little Leopard Safari Cotton Tee (0-6M to 2-3Y) at Meeeku. 100% Combed Cotton, zero-itch guarantee.",,Apparel & Accessories > Clothing > Baby & Toddler Clothing > Baby & Toddler Tops,Unisex,Toddler,,,,New,FALSE,,,,,
,little-leopard-safari-tee,,,,,,,,MEEK-TEE-LEO-6-12M,,Size,6-12M,,,,,,,,599.00,899.00,220.00,TRUE,,,,,,shopify,50,DENY,130,g,TRUE,manual,https://raw.githubusercontent.com/aaybwork-studio/meeeku/main/assets/meeeku_prod_leopard_tee.jpg,1,Little Leopard Safari Cotton Tee - Flatlay,https://raw.githubusercontent.com/aaybwork-studio/meeeku/main/assets/meeeku_prod_leopard_tee.jpg,FALSE,,,,,,,,,,,,,,,,
,little-leopard-safari-tee,,,,,,,,MEEK-TEE-LEO-12-18M,,Size,12-18M,,,,,,,,599.00,899.00,220.00,TRUE,,,,,,shopify,50,DENY,140,g,TRUE,manual,https://raw.githubusercontent.com/aaybwork-studio/meeeku/main/assets/meeeku_prod_leopard_tee.jpg,1,Little Leopard Safari Cotton Tee - Flatlay,https://raw.githubusercontent.com/aaybwork-studio/meeeku/main/assets/meeeku_prod_leopard_tee.jpg,FALSE,,,,,,,,,,,,,,,,
,little-leopard-safari-tee,,,,,,,,MEEK-TEE-LEO-18-24M,,Size,18-24M,,,,,,,,599.00,899.00,220.00,TRUE,,,,,,shopify,50,DENY,150,g,TRUE,manual,https://raw.githubusercontent.com/aaybwork-studio/meeeku/main/assets/meeeku_prod_leopard_tee.jpg,1,Little Leopard Safari Cotton Tee - Flatlay,https://raw.githubusercontent.com/aaybwork-studio/meeeku/main/assets/meeeku_prod_leopard_tee.jpg,FALSE,,,,,,,,,,,,,,,,
,little-leopard-safari-tee,,,,,,,,MEEK-TEE-LEO-2-3Y,,Size,2-3Y,,,,,,,,599.00,899.00,220.00,TRUE,,,,,,shopify,50,DENY,160,g,TRUE,manual,https://raw.githubusercontent.com/aaybwork-studio/meeeku/main/assets/meeeku_prod_leopard_tee.jpg,1,Little Leopard Safari Cotton Tee - Flatlay,https://raw.githubusercontent.com/aaybwork-studio/meeeku/main/assets/meeeku_prod_leopard_tee.jpg,FALSE,,,,,,,,,,,,,,,,
Tiny Dino Doodles Cotton Tee,tiny-dino-doodles-tee,"<p>Bright, cheerful, and full of prehistoric fun! This crisp white long-sleeve tee features hand-drawn watercolor dinosaur illustrations. Lightweight, 100% breathable organic cotton prevents rashes and keeps toddlers cool and happy.</p><ul><li>Fabric: 100% Breathable Organic Cotton</li><li>Print: Multi-Color Storybook Dinosaur Art</li><li>Features: Shoulder snap ease & flatlock seams</li><li>Care: Machine Wash Cold</li></ul>",Meeeku,Apparel & Accessories > Clothing > Baby & Toddler Clothing > Baby & Toddler Tops,Basic T-Shirts,"Basic Tee, Everyday Cotton, White, Dinosaur, Dino, 0-6M, 6-12M, 12-18M, 18-24M, 2-3Y",TRUE,Active,MEEK-TEE-DIN-0-6M,,Size,0-6M,,,,,,,,599.00,899.00,220.00,TRUE,,,,,,shopify,50,DENY,120,g,TRUE,manual,https://raw.githubusercontent.com/aaybwork-studio/meeeku/main/assets/meeeku_prod_dino_tee.jpg,1,Tiny Dino Doodles Cotton Tee - Flatlay,https://raw.githubusercontent.com/aaybwork-studio/meeeku/main/assets/meeeku_prod_dino_tee.jpg,FALSE,Tiny Dino Doodles Cotton Tee - Meeeku,"Shop Tiny Dino Doodles Cotton Tee (0-6M to 2-3Y) at Meeeku. 100% Combed Cotton, zero-itch guarantee.",,Apparel & Accessories > Clothing > Baby & Toddler Clothing > Baby & Toddler Tops,Unisex,Toddler,,,,New,FALSE,,,,,
,tiny-dino-doodles-tee,,,,,,,,MEEK-TEE-DIN-6-12M,,Size,6-12M,,,,,,,,599.00,899.00,220.00,TRUE,,,,,,shopify,50,DENY,130,g,TRUE,manual,https://raw.githubusercontent.com/aaybwork-studio/meeeku/main/assets/meeeku_prod_dino_tee.jpg,1,Tiny Dino Doodles Cotton Tee - Flatlay,https://raw.githubusercontent.com/aaybwork-studio/meeeku/main/assets/meeeku_prod_dino_tee.jpg,FALSE,,,,,,,,,,,,,,,,
,tiny-dino-doodles-tee,,,,,,,,MEEK-TEE-DIN-12-18M,,Size,12-18M,,,,,,,,599.00,899.00,220.00,TRUE,,,,,,shopify,50,DENY,140,g,TRUE,manual,https://raw.githubusercontent.com/aaybwork-studio/meeeku/main/assets/meeeku_prod_dino_tee.jpg,1,Tiny Dino Doodles Cotton Tee - Flatlay,https://raw.githubusercontent.com/aaybwork-studio/meeeku/main/assets/meeeku_prod_dino_tee.jpg,FALSE,,,,,,,,,,,,,,,,
,tiny-dino-doodles-tee,,,,,,,,MEEK-TEE-DIN-18-24M,,Size,18-24M,,,,,,,,599.00,899.00,220.00,TRUE,,,,,,shopify,50,DENY,150,g,TRUE,manual,https://raw.githubusercontent.com/aaybwork-studio/meeeku/main/assets/meeeku_prod_dino_tee.jpg,1,Tiny Dino Doodles Cotton Tee - Flatlay,https://raw.githubusercontent.com/aaybwork-studio/meeeku/main/assets/meeeku_prod_dino_tee.jpg,FALSE,,,,,,,,,,,,,,,,
,tiny-dino-doodles-tee,,,,,,,,MEEK-TEE-DIN-2-3Y,,Size,2-3Y,,,,,,,,599.00,899.00,220.00,TRUE,,,,,,shopify,50,DENY,160,g,TRUE,manual,https://raw.githubusercontent.com/aaybwork-studio/meeeku/main/assets/meeeku_prod_dino_tee.jpg,1,Tiny Dino Doodles Cotton Tee - Flatlay,https://raw.githubusercontent.com/aaybwork-studio/meeeku/main/assets/meeeku_prod_dino_tee.jpg,FALSE,,,,,,,,,,,,,,,,
Little Night Owl Starlit Cotton Tee,little-night-owl-starlit-tee,<p>Cozy bedtime stories come alive in this pure white cotton tee featuring two sleepy watercolor owls perched under a crescent moon and starlit sky. Butter-soft pure cotton ensures snuggly comfort for naps and daycare adventures.</p><ul><li>Fabric: 100% Premium Pure Cotton</li><li>Graphic: Watercolor Night Owl & Crescent Moon</li><li>Features: Extra-soft baby ribbing & smooth cuffs</li><li>Care: Machine Wash Cold</li></ul>,Meeeku,Apparel & Accessories > Clothing > Baby & Toddler Clothing > Baby & Toddler Tops,Basic T-Shirts,"Basic Tee, Everyday Cotton, White, Owl, Starlit, 0-6M, 6-12M, 12-18M, 18-24M, 2-3Y",TRUE,Active,MEEK-TEE-OWL-0-6M,,Size,0-6M,,,,,,,,599.00,899.00,220.00,TRUE,,,,,,shopify,50,DENY,120,g,TRUE,manual,https://raw.githubusercontent.com/aaybwork-studio/meeeku/main/assets/meeeku_prod_owl_tee.jpg,1,Little Night Owl Starlit Cotton Tee - Flatlay,https://raw.githubusercontent.com/aaybwork-studio/meeeku/main/assets/meeeku_prod_owl_tee.jpg,FALSE,Little Night Owl Starlit Cotton Tee - Meeeku,"Shop Little Night Owl Starlit Cotton Tee (0-6M to 2-3Y) at Meeeku. 100% Combed Cotton, zero-itch guarantee.",,Apparel & Accessories > Clothing > Baby & Toddler Clothing > Baby & Toddler Tops,Unisex,Toddler,,,,New,FALSE,,,,,
,little-night-owl-starlit-tee,,,,,,,,MEEK-TEE-OWL-6-12M,,Size,6-12M,,,,,,,,599.00,899.00,220.00,TRUE,,,,,,shopify,50,DENY,130,g,TRUE,manual,https://raw.githubusercontent.com/aaybwork-studio/meeeku/main/assets/meeeku_prod_owl_tee.jpg,1,Little Night Owl Starlit Cotton Tee - Flatlay,https://raw.githubusercontent.com/aaybwork-studio/meeeku/main/assets/meeeku_prod_owl_tee.jpg,FALSE,,,,,,,,,,,,,,,,
,little-night-owl-starlit-tee,,,,,,,,MEEK-TEE-OWL-12-18M,,Size,12-18M,,,,,,,,599.00,899.00,220.00,TRUE,,,,,,shopify,50,DENY,140,g,TRUE,manual,https://raw.githubusercontent.com/aaybwork-studio/meeeku/main/assets/meeeku_prod_owl_tee.jpg,1,Little Night Owl Starlit Cotton Tee - Flatlay,https://raw.githubusercontent.com/aaybwork-studio/meeeku/main/assets/meeeku_prod_owl_tee.jpg,FALSE,,,,,,,,,,,,,,,,
,little-night-owl-starlit-tee,,,,,,,,MEEK-TEE-OWL-18-24M,,Size,18-24M,,,,,,,,599.00,899.00,220.00,TRUE,,,,,,shopify,50,DENY,150,g,TRUE,manual,https://raw.githubusercontent.com/aaybwork-studio/meeeku/main/assets/meeeku_prod_owl_tee.jpg,1,Little Night Owl Starlit Cotton Tee - Flatlay,https://raw.githubusercontent.com/aaybwork-studio/meeeku/main/assets/meeeku_prod_owl_tee.jpg,FALSE,,,,,,,,,,,,,,,,
,little-night-owl-starlit-tee,,,,,,,,MEEK-TEE-OWL-2-3Y,,Size,2-3Y,,,,,,,,599.00,899.00,220.00,TRUE,,,,,,shopify,50,DENY,160,g,TRUE,manual,https://raw.githubusercontent.com/aaybwork-studio/meeeku/main/assets/meeeku_prod_owl_tee.jpg,1,Little Night Owl Starlit Cotton Tee - Flatlay,https://raw.githubusercontent.com/aaybwork-studio/meeeku/main/assets/meeeku_prod_owl_tee.jpg,FALSE,,,,,,,,,,,,,,,,
Mighty Little Lion Cotton Tee,mighty-little-lion-tee,"<p>Roar with joy in this sunny, cheerful baby tee! Featuring friendly golden-maned lions and 'L is for Lion' graphics on super-soft combed white cotton. Designed for maximum flexibility during crawls, steps, and tummy time.</p><ul><li>Fabric: 100% Combed Breathable Cotton</li><li>Detail: Joyful Lion Character Art</li><li>Features: Tagless comfort and shape-retaining stretch</li><li>Care: Machine Wash Gentle</li></ul>",Meeeku,Apparel & Accessories > Clothing > Baby & Toddler Clothing > Baby & Toddler Tops,Basic T-Shirts,"Basic Tee, Everyday Cotton, White, Lion, Safari, 0-6M, 6-12M, 12-18M, 18-24M, 2-3Y",TRUE,Active,MEEK-TEE-LIO-0-6M,,Size,0-6M,,,,,,,,599.00,899.00,220.00,TRUE,,,,,,shopify,50,DENY,120,g,TRUE,manual,https://raw.githubusercontent.com/aaybwork-studio/meeeku/main/assets/meeeku_prod_lion_tee.jpg,1,Mighty Little Lion Cotton Tee - Flatlay,https://raw.githubusercontent.com/aaybwork-studio/meeeku/main/assets/meeeku_prod_lion_tee.jpg,FALSE,Mighty Little Lion Cotton Tee - Meeeku,"Shop Mighty Little Lion Cotton Tee (0-6M to 2-3Y) at Meeeku. 100% Combed Cotton, zero-itch guarantee.",,Apparel & Accessories > Clothing > Baby & Toddler Clothing > Baby & Toddler Tops,Unisex,Toddler,,,,New,FALSE,,,,,
,mighty-little-lion-tee,,,,,,,,MEEK-TEE-LIO-6-12M,,Size,6-12M,,,,,,,,599.00,899.00,220.00,TRUE,,,,,,shopify,50,DENY,130,g,TRUE,manual,https://raw.githubusercontent.com/aaybwork-studio/meeeku/main/assets/meeeku_prod_lion_tee.jpg,1,Mighty Little Lion Cotton Tee - Flatlay,https://raw.githubusercontent.com/aaybwork-studio/meeeku/main/assets/meeeku_prod_lion_tee.jpg,FALSE,,,,,,,,,,,,,,,,
,mighty-little-lion-tee,,,,,,,,MEEK-TEE-LIO-12-18M,,Size,12-18M,,,,,,,,599.00,899.00,220.00,TRUE,,,,,,shopify,50,DENY,140,g,TRUE,manual,https://raw.githubusercontent.com/aaybwork-studio/meeeku/main/assets/meeeku_prod_lion_tee.jpg,1,Mighty Little Lion Cotton Tee - Flatlay,https://raw.githubusercontent.com/aaybwork-studio/meeeku/main/assets/meeeku_prod_lion_tee.jpg,FALSE,,,,,,,,,,,,,,,,
,mighty-little-lion-tee,,,,,,,,MEEK-TEE-LIO-18-24M,,Size,18-24M,,,,,,,,599.00,899.00,220.00,TRUE,,,,,,shopify,50,DENY,150,g,TRUE,manual,https://raw.githubusercontent.com/aaybwork-studio/meeeku/main/assets/meeeku_prod_lion_tee.jpg,1,Mighty Little Lion Cotton Tee - Flatlay,https://raw.githubusercontent.com/aaybwork-studio/meeeku/main/assets/meeeku_prod_lion_tee.jpg,FALSE,,,,,,,,,,,,,,,,
,mighty-little-lion-tee,,,,,,,,MEEK-TEE-LIO-2-3Y,,Size,2-3Y,,,,,,,,599.00,899.00,220.00,TRUE,,,,,,shopify,50,DENY,160,g,TRUE,manual,https://raw.githubusercontent.com/aaybwork-studio/meeeku/main/assets/meeeku_prod_lion_tee.jpg,1,Mighty Little Lion Cotton Tee - Flatlay,https://raw.githubusercontent.com/aaybwork-studio/meeeku/main/assets/meeeku_prod_lion_tee.jpg,FALSE,,,,,,,,,,,,,,,,
Cosmic Safari Doodle Cotton Tee,cosmic-safari-doodle-tee,"<p>A whimsical fusion of jungle safari and space exploration! Giraffes, elephants, planets, and moons dance across this ultra-breathable pure cotton tee. Perfect for curious minds and active toddlers on the go.</p><ul><li>Fabric: 100% Pure Lightweight Cotton</li><li>Print: All-Over Galaxy Safari Animal Doodles</li><li>Features: Zero-itch neckline & reinforced stitching</li><li>Care: Machine Wash Gentle Cycle</li></ul>",Meeeku,Apparel & Accessories > Clothing > Baby & Toddler Clothing > Baby & Toddler Tops,Basic T-Shirts,"Basic Tee, Everyday Cotton, White, Cosmic Safari, Galaxy, Animals, 0-6M, 6-12M, 12-18M, 18-24M, 2-3Y",TRUE,Active,MEEK-TEE-SAF-0-6M,,Size,0-6M,,,,,,,,599.00,899.00,220.00,TRUE,,,,,,shopify,50,DENY,120,g,TRUE,manual,https://raw.githubusercontent.com/aaybwork-studio/meeeku/main/assets/meeeku_prod_cosmic_safari_tee.jpg,1,Cosmic Safari Doodle Cotton Tee - Flatlay,https://raw.githubusercontent.com/aaybwork-studio/meeeku/main/assets/meeeku_prod_cosmic_safari_tee.jpg,FALSE,Cosmic Safari Doodle Cotton Tee - Meeeku,"Shop Cosmic Safari Doodle Cotton Tee (0-6M to 2-3Y) at Meeeku. 100% Combed Cotton, zero-itch guarantee.",,Apparel & Accessories > Clothing > Baby & Toddler Clothing > Baby & Toddler Tops,Unisex,Toddler,,,,New,FALSE,,,,,
,cosmic-safari-doodle-tee,,,,,,,,MEEK-TEE-SAF-6-12M,,Size,6-12M,,,,,,,,599.00,899.00,220.00,TRUE,,,,,,shopify,50,DENY,130,g,TRUE,manual,https://raw.githubusercontent.com/aaybwork-studio/meeeku/main/assets/meeeku_prod_cosmic_safari_tee.jpg,1,Cosmic Safari Doodle Cotton Tee - Flatlay,https://raw.githubusercontent.com/aaybwork-studio/meeeku/main/assets/meeeku_prod_cosmic_safari_tee.jpg,FALSE,,,,,,,,,,,,,,,,
,cosmic-safari-doodle-tee,,,,,,,,MEEK-TEE-SAF-12-18M,,Size,12-18M,,,,,,,,599.00,899.00,220.00,TRUE,,,,,,shopify,50,DENY,140,g,TRUE,manual,https://raw.githubusercontent.com/aaybwork-studio/meeeku/main/assets/meeeku_prod_cosmic_safari_tee.jpg,1,Cosmic Safari Doodle Cotton Tee - Flatlay,https://raw.githubusercontent.com/aaybwork-studio/meeeku/main/assets/meeeku_prod_cosmic_safari_tee.jpg,FALSE,,,,,,,,,,,,,,,,
,cosmic-safari-doodle-tee,,,,,,,,MEEK-TEE-SAF-18-24M,,Size,18-24M,,,,,,,,599.00,899.00,220.00,TRUE,,,,,,shopify,50,DENY,150,g,TRUE,manual,https://raw.githubusercontent.com/aaybwork-studio/meeeku/main/assets/meeeku_prod_cosmic_safari_tee.jpg,1,Cosmic Safari Doodle Cotton Tee - Flatlay,https://raw.githubusercontent.com/aaybwork-studio/meeeku/main/assets/meeeku_prod_cosmic_safari_tee.jpg,FALSE,,,,,,,,,,,,,,,,
,cosmic-safari-doodle-tee,,,,,,,,MEEK-TEE-SAF-2-3Y,,Size,2-3Y,,,,,,,,599.00,899.00,220.00,TRUE,,,,,,shopify,50,DENY,160,g,TRUE,manual,https://raw.githubusercontent.com/aaybwork-studio/meeeku/main/assets/meeeku_prod_cosmic_safari_tee.jpg,1,Cosmic Safari Doodle Cotton Tee - Flatlay,https://raw.githubusercontent.com/aaybwork-studio/meeeku/main/assets/meeeku_prod_cosmic_safari_tee.jpg,FALSE,,,,,,,,,,,,,,,,
